{"info": {"team type": null, "cutoff": 1630.0, "cutoff deviation": 0, "metagame": "battlespotspecial17", "number of battles": 4}, "data": {"Porygon-Z": {"Abilities": {"download": 0.0, "adaptability": 6.3754871138545175}, "Items": {"choicescarf": 0.0, "choicespecs": 6.3754871138545175}, "Raw count": 9, "Spreads": {"Modest:0/0/0/252/4/252": 0.0, "Timid:4/0/0/252/0/252": 6.3754871138545175}, "Checks and Counters": {}, "Teammates": {"Azumarill": -5.472243444221549, "Aegislash": -5.472243444221549, "Donphan": -5.472243444221549, "Dragonite": -5.472243444221549, "Magnezone": -5.472243444221549}, "usage": 1.0, "Moves": {"darkpulse": 6.3754871138545175, "trick": 6.3754871138545175, "uproar": 6.3754871138545175, "sleeptalk": 0.0, "icebeam": 0.0, "hyperbeam": 6.3754871138545175}, "Happiness": {"255": 6.3754871138545175}, "Viability Ceiling": [2, 75, 75, 75]}, "Dragonite": {"Abilities": {"multiscale": 6.3754871138545175, "innerfocus": 0.0}, "Items": {"leftovers": 0.0, "blackglasses": 0.0, "quickclaw": 0.0, "sitrusberry": 0.0, "lumberry": 6.3754871138545175, "weaknesspolicy": 0.0, "nothing": 0.0}, "Raw count": 15, "Spreads": {"Hardy:252/144/44/36/20/12": 0.0, "Serious:80/80/76/80/80/80": 0.0, "Hardy:100/100/44/100/50/108": 0.0, "Lonely:252/252/0/4/0/0": 0.0, "Hardy:252/132/124/0/0/0": 0.0, "Adamant:112/0/204/0/192/0": 0.0, "Adamant:100/252/0/0/0/156": 6.3754871138545175, "Hardy:46/46/100/104/104/104": 0.0}, "Checks and Counters": {}, "Teammates": {"Porygon-Z": -5.472243444221549, "Gliscor": 0.0, "Breloom": 0.0, "Bisharp": 0.0, "Aegislash": -5.472243444221549, "Garchomp": 0.0, "Donphan": -5.472243444221549, "Azumarill": -5.472243444221549, "Magnezone": -5.472243444221549, "Excadrill": 0.0}, "usage": 1.0, "Moves": {"dragontail": 0.0, "aquajet": 0.0, "fireblast": 0.0, "thunderbolt": 0.0, "blizzard": 0.0, "poweruppunch": 0.0, "dragondance": 6.3754871138545175, "brickbreak": 0.0, "hiddenpowergrass": 0.0, "roost": 0.0, "extremespeed": 6.3754871138545175, "haze": 0.0, "dracometeor": 0.0, "aquatail": 0.0, "icebeam": 0.0, "outrage": 6.3754871138545175, "dragonclaw": 0.0, "safeguard": 0.0, "earthquake": 6.3754871138545175, "flamethrower": 0.0}, "Happiness": {"255": 6.3754871138545175}, "Viability Ceiling": [4, 75, 75, 75]}, "Aegislash": {"Abilities": {"stancechange": 6.3754871138545175}, "Items": {"weaknesspolicy": 0.0, "airballoon": 6.3754871138545175}, "Raw count": 11, "Spreads": {"Brave:252/124/0/0/132/0": 0.0, "Brave:252/252/0/0/4/0": 6.3754871138545175, "Quiet:252/4/0/252/0/0": 0.0}, "Checks and Counters": {}, "Teammates": {"Porygon-Z": -5.472243444221549, "Ferrothorn": 0.0, "Avalugg": 0.0, "Dragonite": -5.472243444221549, "Suicune": 0.0, "Blaziken": 0.0, "Donphan": -5.472243444221549, "Azumarill": -5.472243444221549, "Haxorus": 0.0, "Magnezone": -5.472243444221549}, "usage": 1.0, "Moves": {"hiddenpowerice": 6.3754871138545175, "shadowball": 6.3754871138545175, "flashcannon": 6.3754871138545175, "swordsdance": 0.0, "shadowclaw": 0.0, "gyroball": 0.0, "shadowsneak": 6.3754871138545175, "ironhead": 0.0, "kingsshield": 0.0}, "Happiness": {"255": 6.3754871138545175}, "Viability Ceiling": [3, 75, 75, 75]}, "Donphan": {"Abilities": {"sturdy": 6.3754871138545175}, "Items": {"choiceband": 6.3754871138545175}, "Raw count": 8, "Spreads": {"Adamant:252/252/0/0/4/0": 6.3754871138545175}, "Checks and Counters": {}, "Teammates": {"Porygon-Z": -5.472243444221549, "Azumarill": -5.472243444221549, "Aegislash": -5.472243444221549, "Dragonite": -5.472243444221549, "Magnezone": -5.472243444221549}, "usage": 1.0, "Moves": {"gunkshot": 6.3754871138545175, "iceshard": 6.3754871138545175, "earthquake": 6.3754871138545175, "superpower": 6.3754871138545175}, "Happiness": {"255": 6.3754871138545175}, "Viability Ceiling": [1, 75, 75, 75]}, "Azumarill": {"Abilities": {"thickfat": 0.0, "sapsipper": 6.3754871138545175, "hugepower": 0.0}, "Items": {"kebiaberry": 0.0, "choicescarf": 0.0, "sitrusberry": 6.3754871138545175}, "Raw count": 13, "Spreads": {"Relaxed:252/0/140/0/116/0": 0.0, "Sassy:252/0/4/0/252/0": 0.0, "Hardy:0/0/0/0/0/0": 0.0, "Adamant:228/252/0/0/28/0": 0.0, "Sassy:252/0/252/0/4/0": 0.0, "Relaxed:252/0/252/0/4/0": 6.3754871138545175}, "Checks and Counters": {}, "Teammates": {"Porygon-Z": -5.472243444221549, "Dragonite": -5.472243444221549, "Aegislash": -5.472243444221549, "Magnezone": -5.472243444221549, "Donphan": -5.472243444221549}, "usage": 1.0, "Moves": {"aquajet": 0.0, "protect": 6.3754871138545175, "blizzard": 0.0, "dive": 6.3754871138545175, "playrough": 0.0, "scald": 0.0, "aquaring": 0.0, "sleeptalk": 0.0, "waterfall": 6.3754871138545175, "aquatail": 0.0, "icebeam": 0.0, "helpinghand": 0.0, "perishsong": 6.3754871138545175, "substitute": 0.0}, "Happiness": {"255": 6.3754871138545175}, "Viability Ceiling": [3, 75, 75, 75]}, "Magnezone": {"Abilities": {"magnetpull": 0.0, "analytic": 0.0, "sturdy": 6.3754871138545175}, "Items": {"assaultvest": 0.0, "custapberry": 6.3754871138545175, "lumberry": 0.0}, "Raw count": 10, "Spreads": {"Modest:252/0/0/252/4/0": 6.3754871138545175, "Hardy:0/0/0/0/0/0": 0.0, "Quiet:92/0/0/228/188/0": 0.0}, "Checks and Counters": {}, "Teammates": {"Porygon-Z": -5.472243444221549, "Azumarill": -5.472243444221549, "Aegislash": -5.472243444221549, "Dragonite": -5.472243444221549, "Donphan": -5.472243444221549}, "usage": 1.0, "Moves": {"thunderbolt": 6.3754871138545175, "hiddenpowerice": 6.3754871138545175, "thunder": 0.0, "flashcannon": 6.3754871138545175, "electroweb": 0.0, "voltswitch": 0.0, "triattack": 0.0, "discharge": 0.0, "mirrorcoat": 6.3754871138545175}, "Happiness": {"255": 6.3754871138545175}, "Viability Ceiling": [2, 75, 75, 75]}}}