{"info": {"team type": null, "cutoff": 1760.0, "cutoff deviation": 0, "metagame": "battlespotspecial17", "number of battles": 4}, "data": {"Porygon-Z": {"Abilities": {"download": 0.0, "adaptability": 1.07169709139993}, "Items": {"choicescarf": 0.0, "choicespecs": 1.07169709139993}, "Raw count": 9, "Spreads": {"Modest:0/0/0/252/4/252": 0.0, "Timid:4/0/0/252/0/252": 1.07169709139993}, "Checks and Counters": {}, "Teammates": {"Azumarill": -0.8194699364811201, "Aegislash": -0.8194699364811201, "Donphan": -0.8194699364811201, "Dragonite": -0.8194699364811201, "Magnezone": -0.8194699364811201}, "usage": 0.9054612, "Moves": {"darkpulse": 1.07169709139993, "trick": 1.07169709139993, "uproar": 1.07169709139993, "sleeptalk": 0.0, "icebeam": 0.0, "hyperbeam": 1.07169709139993}, "Happiness": {"255": 1.07169709139993}, "Viability Ceiling": [2, 75, 75, 75]}, "Dragonite": {"Abilities": {"multiscale": 1.07169709139993, "innerfocus": 0.0}, "Items": {"leftovers": 0.0, "blackglasses": 0.0, "quickclaw": 0.0, "sitrusberry": 0.0, "lumberry": 1.07169709139993, "weaknesspolicy": 0.0, "nothing": 0.0}, "Raw count": 15, "Spreads": {"Hardy:252/144/44/36/20/12": 0.0, "Serious:80/80/76/80/80/80": 0.0, "Hardy:100/100/44/100/50/108": 0.0, "Lonely:252/252/0/4/0/0": 0.0, "Hardy:252/132/124/0/0/0": 0.0, "Adamant:112/0/204/0/192/0": 0.0, "Adamant:100/252/0/0/0/156": 1.07169709139993, "Hardy:46/46/100/104/104/104": 0.0}, "Checks and Counters": {}, "Teammates": {"Porygon-Z": -0.8194699364811201, "Gliscor": 0.0, "Breloom": 0.0, "Bisharp": 0.0, "Aegislash": -0.8194699364811201, "Garchomp": 0.0, "Donphan": -0.8194699364811201, "Azumarill": -0.8194699364811201, "Magnezone": -0.8194699364811201, "Excadrill": 0.0}, "usage": 0.9054612, "Moves": {"dragontail": 0.0, "aquajet": 0.0, "fireblast": 0.0, "thunderbolt": 0.0, "blizzard": 0.0, "poweruppunch": 0.0, "dragondance": 1.07169709139993, "brickbreak": 0.0, "hiddenpowergrass": 0.0, "roost": 0.0, "extremespeed": 1.07169709139993, "haze": 0.0, "dracometeor": 0.0, "aquatail": 0.0, "icebeam": 0.0, "outrage": 1.07169709139993, "dragonclaw": 0.0, "safeguard": 0.0, "earthquake": 1.07169709139993, "flamethrower": 0.0}, "Happiness": {"255": 1.07169709139993}, "Viability Ceiling": [4, 75, 75, 75]}, "Aegislash": {"Abilities": {"stancechange": 1.07169709139993}, "Items": {"weaknesspolicy": 0.0, "airballoon": 1.07169709139993}, "Raw count": 11, "Spreads": {"Brave:252/124/0/0/132/0": 0.0, "Brave:252/252/0/0/4/0": 1.07169709139993, "Quiet:252/4/0/252/0/0": 0.0}, "Checks and Counters": {}, "Teammates": {"Porygon-Z": -0.8194699364811201, "Ferrothorn": 0.0, "Avalugg": 0.0, "Dragonite": -0.8194699364811201, "Suicune": 0.0, "Blaziken": 0.0, "Donphan": -0.8194699364811201, "Azumarill": -0.8194699364811201, "Haxorus": 0.0, "Magnezone": -0.8194699364811201}, "usage": 0.9054612, "Moves": {"hiddenpowerice": 1.07169709139993, "shadowball": 1.07169709139993, "flashcannon": 1.07169709139993, "swordsdance": 0.0, "shadowclaw": 0.0, "gyroball": 0.0, "shadowsneak": 1.07169709139993, "ironhead": 0.0, "kingsshield": 0.0}, "Happiness": {"255": 1.07169709139993}, "Viability Ceiling": [3, 75, 75, 75]}, "Donphan": {"Abilities": {"sturdy": 1.07169709139993}, "Items": {"choiceband": 1.07169709139993}, "Raw count": 8, "Spreads": {"Adamant:252/252/0/0/4/0": 1.07169709139993}, "Checks and Counters": {}, "Teammates": {"Porygon-Z": -0.8194699364811201, "Azumarill": -0.8194699364811201, "Aegislash": -0.8194699364811201, "Dragonite": -0.8194699364811201, "Magnezone": -0.8194699364811201}, "usage": 0.9054612, "Moves": {"gunkshot": 1.07169709139993, "iceshard": 1.07169709139993, "earthquake": 1.07169709139993, "superpower": 1.07169709139993}, "Happiness": {"255": 1.07169709139993}, "Viability Ceiling": [1, 75, 75, 75]}, "Azumarill": {"Abilities": {"thickfat": 0.0, "sapsipper": 1.07169709139993, "hugepower": 0.0}, "Items": {"kebiaberry": 0.0, "choicescarf": 0.0, "sitrusberry": 1.07169709139993}, "Raw count": 13, "Spreads": {"Relaxed:252/0/140/0/116/0": 0.0, "Sassy:252/0/4/0/252/0": 0.0, "Hardy:0/0/0/0/0/0": 0.0, "Adamant:228/252/0/0/28/0": 0.0, "Sassy:252/0/252/0/4/0": 0.0, "Relaxed:252/0/252/0/4/0": 1.07169709139993}, "Checks and Counters": {}, "Teammates": {"Porygon-Z": -0.8194699364811201, "Dragonite": -0.8194699364811201, "Aegislash": -0.8194699364811201, "Magnezone": -0.8194699364811201, "Donphan": -0.8194699364811201}, "usage": 0.9054612, "Moves": {"aquajet": 0.0, "protect": 1.07169709139993, "blizzard": 0.0, "dive": 1.07169709139993, "playrough": 0.0, "scald": 0.0, "aquaring": 0.0, "sleeptalk": 0.0, "waterfall": 1.07169709139993, "aquatail": 0.0, "icebeam": 0.0, "helpinghand": 0.0, "perishsong": 1.07169709139993, "substitute": 0.0}, "Happiness": {"255": 1.07169709139993}, "Viability Ceiling": [3, 75, 75, 75]}, "Magnezone": {"Abilities": {"magnetpull": 0.0, "analytic": 0.0, "sturdy": 1.07169709139993}, "Items": {"assaultvest": 0.0, "custapberry": 1.07169709139993, "lumberry": 0.0}, "Raw count": 10, "Spreads": {"Modest:252/0/0/252/4/0": 1.07169709139993, "Hardy:0/0/0/0/0/0": 0.0, "Quiet:92/0/0/228/188/0": 0.0}, "Checks and Counters": {}, "Teammates": {"Porygon-Z": -0.8194699364811201, "Azumarill": -0.8194699364811201, "Aegislash": -0.8194699364811201, "Dragonite": -0.8194699364811201, "Donphan": -0.8194699364811201}, "usage": 0.9054612, "Moves": {"thunderbolt": 1.07169709139993, "hiddenpowerice": 1.07169709139993, "thunder": 0.0, "flashcannon": 1.07169709139993, "electroweb": 0.0, "voltswitch": 0.0, "triattack": 0.0, "discharge": 0.0, "mirrorcoat": 1.07169709139993}, "Happiness": {"255": 1.07169709139993}, "Viability Ceiling": [2, 75, 75, 75]}}}