{"info": {"team type": null, "cutoff": 1630.0, "cutoff deviation": 0, "metagame": "gen3nu", "number of battles": 17}, "data": {"Chimecho": {"Abilities": {"levitate": 0.00016458152798187742}, "Items": {"leftovers": 0.00016458152798187742}, "Raw count": 6, "Spreads": {"Modest:252/0/116/80/60/0": 0.00016458152798187742, "Modest:252/0/0/252/0/4": 0.0, "Calm:0/0/252/4/252/0": 0.0}, "Checks and Counters": {}, "Teammates": {"Relicanth": 0.0, "Flareon": 0.00010850437165318265, "Pidgeot": 0.00016456205798711716, "Shelgon": 0.0, "Dewgong": 0.00016456205798711716, "Glalie": -0.00016456205798711716, "Bellossom": -0.00010850437165318264, "Sunflora": 0.00016456205798711716, "Mawile": 0.00016456205798711716, "Arbok": -0.00010850437165318264, "Crawdaunt": 0.0, "Kecleon": 0.0, "Hitmonchan": -0.00016456205798711716}, "usage": 0.0001183, "Moves": {"hiddenpowerdark": 0.0, "protect": 0.0, "calmmind": 0.0, "psychic": 0.00016458152798187742, "reflect": 0.00016458152798187742, "yawn": 0.00016458152798187742, "toxic": 0.00016458152798187742}, "Happiness": {"255": 0.00016458152798187742}, "Viability Ceiling": [2, 58, 58, 58]}, "Pelipper": {"Abilities": {"keeneye": 0.9174981054248172}, "Items": {"leftovers": 0.9174981054248172}, "Raw count": 11, "Spreads": {"Bold:252/0/144/112/0/0": 0.9174981054248172}, "Checks and Counters": {}, "Teammates": {"Bellossom": 0.3126151842195447, "Arbok": 0.3126151842195447, "Hitmonchan": 0.00010854002587179501, "Glalie": 0.00010854002587179501, "Raticate": 0.3126151842195447}, "usage": 0.6592743, "Moves": {"surf": 0.9174981054248172, "toxic": 0.9174981054248172, "hiddenpowerelectric": 0.9174981054248172, "icebeam": 0.9174981054248172}, "Happiness": {"255": 0.9174981054248172}, "Viability Ceiling": [1, 75, 75, 75]}, "Flareon": {"Abilities": {"flashfire": 0.4741807711910257}, "Items": {"nothing": 0.4740161896630438, "choiceband": 0.00016458152798187742}, "Raw count": 2, "Spreads": {"Brave:146/252/0/112/0/0": 0.00016458152798187742, "Calm:76/0/0/252/180/0": 0.4740161896630438}, "Checks and Counters": {}, "Teammates": {"Chimecho": 0.00010848594274997908, "Pidgeot": 0.00010848594274997908, "Tangela": 0.31250671005767366, "Huntail": 0.31250671005767366, "Dewgong": 0.00010848594274997908, "Hitmonchan": -0.00010848594274998069, "Sunflora": 0.00010848594274997908, "Mawile": 0.00010848594274997908, "Glalie": -0.00010848594274998069, "Golbat": 0.31250671005767366}, "usage": 0.34072569999999996, "Moves": {"overheat": 0.00016458152798187742, "shadowball": 0.4741807711910257, "bite": 0.4740161896630438, "bodyslam": 0.00016458152798187742, "hiddenpowerfighting": 0.00016458152798187742, "hiddenpowergrass": 0.4740161896630438, "flamethrower": 0.4740161896630438}, "Happiness": {"255": 0.4741807711910257}, "Viability Ceiling": [2, 66, 66, 66]}, "Pidgeot": {"Abilities": {"keeneye": 0.00016458152798187742}, "Items": {"leftovers": 0.00016458152798187742}, "Raw count": 3, "Spreads": {"Jolly:4/252/0/0/0/252": 0.0, "Naive:252/252/0/0/4/0": 0.0, "Jolly:48/252/0/0/0/208": 0.00016458152798187742}, "Checks and Counters": {}, "Teammates": {"Chimecho": 0.00016456205798711716, "Haunter": 0.0, "Wailord": 0.0, "Lairon": 0.0, "Flareon": 0.00010850437165318265, "Pikachu": 0.0, "Sableye": 0.0, "Kingler": 0.0, "Dewgong": 0.00016456205798711716, "Charmeleon": 0.0, "Sunflora": 0.00016456205798711716, "Mawile": 0.00016456205798711716, "Kecleon": 0.0}, "usage": 0.0001183, "Moves": {"protect": 0.0, "hiddenpowerground": 0.00016458152798187742, "return": 0.00016458152798187742, "steelwing": 0.0, "aerialace": 0.00016458152798187742, "facade": 0.0, "substitute": 0.00016458152798187742}, "Happiness": {"255": 0.00016458152798187742}, "Viability Ceiling": [1, 42, 42, 42]}, "Tangela": {"Abilities": {"chlorophyll": 0.4740161896630438}, "Items": {"leftovers": 0.4740161896630438}, "Raw count": 1, "Spreads": {"Timid:252/0/0/0/4/252": 0.4740161896630438}, "Checks and Counters": {}, "Teammates": {"Flareon": 0.3125066916287704, "Huntail": 0.3125627677440076, "Hitmonchan": 5.6076115237169155e-05, "Glalie": 5.6076115237169155e-05, "Golbat": 0.3125627677440076}, "usage": 0.3406074, "Moves": {"reflect": 0.4740161896630438, "toxic": 0.4740161896630438, "sleeppowder": 0.4740161896630438, "stunspore": 0.4740161896630438}, "Happiness": {"255": 0.4740161896630438}, "Viability Ceiling": [1, 66, 66, 66]}, "Huntail": {"Abilities": {"swiftswim": 0.4740161896630438}, "Items": {"leftovers": 0.4740161896630438, "mysticwater": 0.0, "lumberry": 0.0}, "Raw count": 5, "Spreads": {"Modest:4/0/0/252/0/252": 0.0, "Rash:0/4/0/252/0/252": 0.4740161896630438, "Modest:92/0/0/252/0/164": 0.0, "Rash:252/0/0/4/0/252": 0.0, "Modest:0/0/0/252/4/252": 0.0}, "Checks and Counters": {}, "Teammates": {"Murkrow": 0.0, "Sableye": 0.0, "Cacturne": 0.0, "Sudowoodo": 0.0, "Flareon": 0.3125066916287704, "Pikachu": 0.0, "Tangela": 0.3125627677440076, "Dragonair": 0.0, "Raticate": -0.3125066916287704, "Venomoth": 0.0, "Hitmonchan": 5.6076115237169155e-05, "Beedrill": 0.0, "Glalie": 5.6076115237169155e-05, "Bellossom": -0.3125066916287704, "Arbok": -0.3125066916287704, "Castform": 0.0, "Swalot": 0.0, "Pupitar": 0.0, "Golbat": 0.3125627677440076}, "usage": 0.3406074, "Moves": {"surf": 0.4740161896630438, "crunch": 0.4740161896630438, "blizzard": 0.0, "barrier": 0.0, "batonpass": 0.0, "hiddenpowerelectric": 0.0, "raindance": 0.0, "hiddenpowerfire": 0.4740161896630438, "icebeam": 0.0, "hydropump": 0.0, "clamp": 0.0, "confuseray": 0.0, "substitute": 0.4740161896630438}, "Happiness": {"255": 0.4740161896630438}, "Viability Ceiling": [1, 66, 66, 66]}, "Dewgong": {"Abilities": {"thickfat": 0.00016458152798187742}, "Items": {"leftovers": 0.00016458152798187742}, "Raw count": 3, "Spreads": {"Modest:0/0/4/252/0/252": 0.0, "Calm:252/0/144/96/16/0": 0.00016458152798187742}, "Checks and Counters": {}, "Teammates": {"Chimecho": 0.00016456205798711716, "Haunter": 0.0, "Seviper": 0.0, "Flareon": 0.00010850437165318265, "Pidgeot": 0.00016456205798711716, "Shedinja": 0.0, "Tropius": 0.0, "Hitmonchan": -0.00016456205798711716, "Sunflora": 0.00016456205798711716, "Mawile": 0.00016456205798711716, "Torkoal": 0.0, "Glalie": -0.00016456205798711716, "Raticate": -0.00010850437165318264}, "usage": 0.0001183, "Moves": {"surf": 0.00016458152798187742, "rest": 0.00016458152798187742, "sleeptalk": 0.00016458152798187742, "fakeout": 0.0, "icebeam": 0.00016458152798187742, "encore": 0.0}, "Happiness": {"255": 0.00016458152798187742}, "Viability Ceiling": [2, 55, 55, 55]}, "Hitmonchan": {"Abilities": {"keeneye": 1.3915142950878612}, "Items": {"leftovers": 1.3915142950878612, "lumberry": 0.0, "choiceband": 0.0}, "Raw count": 20, "Spreads": {"Adamant:0/252/4/0/0/252": 0.4740161896630438, "Adamant:4/252/0/0/0/252": 0.9174981054248172, "Adamant:0/252/0/0/4/252": 0.0, "Hardy:0/0/0/0/0/0": 0.0, "Adamant:196/252/0/0/0/60": 0.0, "Jolly:0/252/0/0/4/252": 0.0, "Jolly:0/252/0/0/0/252": 0.0}, "Checks and Counters": {}, "Teammates": {"Flareon": -0.0001084925907741674, "Huntail": 5.6123550334630234e-05, "Beedrill": 0.0, "Arbok": 0.0001084925907741674, "Tropius": 0.0, "Pupitar": 0.0, "Ditto": 0.0, "Octillery": 0.0, "Cacturne": 0.0, "Crawdaunt": 0.0, "Tangela": 5.6123550334630234e-05, "Graveler": 0.0, "Shuckle": 0.0, "Dustox": 0.0, "Dewgong": -0.000164616141108894, "Kecleon": 0.0, "Bellossom": 0.0001084925907741674, "Torkoal": 0.0, "Venomoth": 0.0, "Metang": 0.0, "Relicanth": 0.0, "Haunter": 0.0, "Kingler": 0.0, "Golbat": 5.6123550334630234e-05, "Mawile": -0.000164616141108894, "Glalie": 0.00016461614110885314, "Raticate": 0.0001084925907741674, "Chimecho": -0.000164616141108894, "Sableye": 0.0, "Seviper": 0.0, "Pelipper": 0.0001084925907741674, "Murkrow": 0.0, "Swalot": 0.0, "Shedinja": 0.0, "Delibird": 0.0, "Ariados": 0.0}, "usage": 0.9998817, "Moves": {"agility": 0.4740161896630438, "rockslide": 1.3915142950878612, "brickbreak": 0.0, "icepunch": 0.0, "bulkup": 0.0, "highjumpkick": 0.0, "raindance": 0.4740161896630438, "bodyslam": 0.0, "machpunch": 0.0, "firepunch": 0.0, "rapidspin": 0.0,