{"info": {"team type": null, "cutoff": 1760.0, "cutoff deviation": 0, "metagame": "gen5lc", "number of battles": 30}, "data": {"Venonat": {"Abilities": {"compoundeyes": 0.39976510719372776}, "Items": {"eviolite": 0.39976510719372776}, "Raw count": 14, "Spreads": {"Timid:196/0/36/36/0/236": 0.39976510719372776}, "Checks and Counters": {}, "Teammates": {"Deerling": 0.0, "Diglett": 0.0, "Mienfoo": 0.0, "Mime Jr.": 0.0, "Porygon": 0.0, "Natu": 0.0, "Abra": 0.0, "Cubone": 0.0, "Buizel": 0.0, "Anorith": 0.0}, "usage": 1.0, "Moves": {"agility": 0.39976510719372776, "signalbeam": 0.39976510719372776, "batonpass": 0.39976510719372776, "sleeppowder": 0.39976510719372776}, "Happiness": {"255": 0.39976510719372776}, "Viability Ceiling": [1, 74, 74, 74]}, "Deerling": {"Abilities": {"sapsipper": 0.39976510719372776}, "Items": {"eviolite": 0.39976510719372776}, "Raw count": 13, "Spreads": {"Jolly:36/0/196/0/36/236": 0.39976510719372776}, "Checks and Counters": {}, "Teammates": {"Cubone": 0.0, "Anorith": 0.0, "Buizel": 0.0, "Venonat": 0.0, "Abra": 0.0}, "usage": 1.0, "Moves": {"agility": 0.39976510719372776, "seedbomb": 0.39976510719372776, "batonpass": 0.39976510719372776, "substitute": 0.39976510719372776}, "Happiness": {"255": 0.39976510719372776}, "Viability Ceiling": [1, 74, 74, 74]}, "Abra": {"Abilities": {"synchronize": 0.0, "magicguard": 0.39976510719372776, "innerfocus": 0.0}, "Items": {"focussash": 0.39976510719372776, "lifeorb": 0.0, "choicespecs": 0.0, "eviolite": 0.0}, "Raw count": 25, "Spreads": {"Jolly:0/196/0/0/76/196": 0.0, "Timid:0/0/0/240/0/200": 0.39976510719372776, "Modest:0/0/76/236/0/196": 0.0, "Timid:76/0/236/0/0/196": 0.0, "Timid:4/0/0/252/0/252": 0.0, "Timid:0/0/0/236/76/196": 0.0, "Timid:0/0/0/252/4/252": 0.0}, "Checks and Counters": {}, "Teammates": {"Voltorb": 0.0, "Mienfoo": 0.0, "Piplup": 0.0, "Ponyta": 0.0, "Anorith": 0.0, "Aron": 0.0, "Taillow": 0.0, "Venonat": 0.0, "Aipom": 0.0, "Deerling": 0.0, "Gastly": 0.0, "Cranidos": 0.0, "Beldum": 0.0, "Buizel": 0.0, "Croagunk": 0.0, "Magnemite": 0.0, "Mudkip": 0.0, "Torchic": 0.0, "Archen": 0.0, "Exeggcute": 0.0, "Stunky": 0.0, "Cubone": 0.0, "Dratini": 0.0, "Misdreavus": 0.0, "Poliwag": 0.0, "Shellder": 0.0, "Charmander": 0.0, "Trapinch": 0.0, "Gible": 0.0, "Dwebble": 0.0, "Tirtouga": 0.0, "Corphish": 0.0, "Joltik": 0.0, "Foongus": 0.0}, "usage": 1.0, "Moves": {"thunderpunch": 0.0, "protect": 0.39976510719372776, "icepunch": 0.0, "taunt": 0.0, "foulplay": 0.0, "calmmind": 0.0, "psychic": 0.39976510719372776, "signalbeam": 0.0, "hiddenpowerpoison": 0.0, "thunderwave": 0.0, "endure": 0.0, "hiddenpowerfighting": 0.39976510719372776, "shadowball": 0.39976510719372776, "energyball": 0.0, "encore": 0.0, "": 0.0}, "Happiness": {"255": 0.39976510719372776}, "Viability Ceiling": [3, 74, 74, 74]}, "Cubone": {"Abilities": {"battlearmor": 0.39976510719372776}, "Items": {"thickclub": 0.39976510719372776}, "Raw count": 13, "Spreads": {"Adamant:36/196/0/0/36/236": 0.39976510719372776}, "Checks and Counters": {}, "Teammates": {"Deerling": 0.0, "Buizel": 0.0, "Anorith": 0.0, "Venonat": 0.0, "Abra": 0.0}, "usage": 1.0, "Moves": {"swordsdance": 0.39976510719372776, "earthquake": 0.39976510719372776, "thunderpunch": 0.39976510719372776, "firepunch": 0.39976510719372776}, "Happiness": {"255": 0.39976510719372776}, "Viability Ceiling": [1, 74, 74, 74]}, "Buizel": {"Abilities": {"swiftswim": 0.0, "waterveil": 0.39976510719372776}, "Items": {"eviolite": 0.39976510719372776, "sitrusberry": 0.0}, "Raw count": 14, "Spreads": {"Timid:0/0/0/40/196/236": 0.0, "Jolly:76/0/0/0/196/236": 0.39976510719372776}, "Checks and Counters": {}, "Teammates": {"Venonat": 0.0, "Anorith": 0.0, "Mudkip": 0.0, "Abra": 0.0, "Beldum": 0.0, "Cubone": 0.0, "Charmander": 0.0, "Deerling": 0.0, "Aron": 0.0}, "usage": 1.0, "Moves": {"agility": 0.39976510719372776, "hiddenpowerwater": 0.0, "batonpass": 0.39976510719372776, "bulkup": 0.39976510719372776, "waterfall": 0.39976510719372776, "substitute": 0.0}, "Happiness": {"255": 0.39976510719372776}, "Viability Ceiling": [1, 74, 74, 74]}, "Anorith": {"Abilities": {"battlearmor": 0.39976510719372776}, "Items": {"eviolite": 0.39976510719372776}, "Raw count": 13, "Spreads": {"Jolly:36/236/0/0/0/236": 0.39976510719372776}, "Checks and Counters": {}, "Teammates": {"Cubone": 0.0, "Deerling": 0.0, "Buizel": 0.0, "Venonat": 0.0, "Abra": 0.0}, "usage": 1.0, "Moves": {"stealthrock": 0.39976510719372776, "brickbreak": 0.39976510719372776, "rockblast": 0.39976510719372776, "rapidspin": 0.39976510719372776}, "Happiness": {"255": 0.39976510719372776}, "Viability Ceiling": [1, 74, 74, 74]}}}