{"info": {"team type": null, "cutoff": 1760.0, "cutoff deviation": 0, "metagame": "gen5uu", "number of battles": 16}, "data": {"Milotic": {"Abilities": {"marvelscale": 0.16393146294919836}, "Items": {"leftovers": 0.16393146294919836}, "Raw count": 5, "Spreads": {"Bold:252/0/252/0/4/0": 0.0, "Bold:252/0/172/4/80/0": 0.16393146294919836, "Impish:252/4/252/0/0/0": 0.0, "Sassy:100/0/0/152/252/0": 0.0}, "Checks and Counters": {}, "Teammates": {"Machamp": 0.0, "Claydol": 0.0, "Flygon": 0.0, "Mienshao": 0.0, "Meloetta": 0.0, "Shaymin": 0.09134903726864094, "Zapdos": 0.09134903726864094, "Abomasnow": 0.0, "Heracross": 0.09134903726864094, "Bisharp": 0.0, "Nidoking": 0.0, "Darmanitan": 0.0, "Swampert": 0.09134903726864094, "Virizion": 0.0, "Regigigas": 0.0, "Blastoise": 0.0, "Zoroark": 0.0, "Venomoth": 0.0, "Rhyperior": 0.09134903726864094}, "usage": 0.4427608, "Moves": {"dragontail": 0.0, "scald": 0.16393146294919836, "protect": 0.0, "rest": 0.16393146294919836, "sleeptalk": 0.16393146294919836, "icebeam": 0.16393146294919836, "toxic": 0.0, "recover": 0.0}, "Happiness": {"255": 0.16393146294919836}, "Viability Ceiling": [1, 70, 70, 70]}, "Weavile": {"Abilities": {"pressure": 0.20631689821140164}, "Items": {"dreadplate": 0.20631689821140164}, "Raw count": 1, "Spreads": {"Jolly:4/252/0/0/0/252": 0.20631689821140164}, "Checks and Counters": {}, "Teammates": {"Hitmontop": 0.09134903490559876, "Azumarill": 0.09134903490559876, "Crobat": 0.09134903490559876, "Mismagius": 0.09134903490559876, "Umbreon": 0.09134903490559876}, "usage": 0.5572392, "Moves": {"lowkick": 0.20631689821140164, "icepunch": 0.20631689821140164, "nightslash": 0.20631689821140164, "pursuit": 0.20631689821140164}, "Happiness": {"255": 0.20631689821140164}, "Viability Ceiling": [1, 72, 72, 72]}, "Crobat": {"Abilities": {"innerfocus": 0.20631689821140164}, "Items": {"blacksludge": 0.20631689821140164, "flyinggem": 0.0}, "Raw count": 3, "Spreads": {"Jolly:0/252/0/0/4/252": 0.0, "Jolly:176/192/0/0/4/136": 0.20631689821140164}, "Checks and Counters": {}, "Teammates": {"Rotom-Heat": 0.0, "Umbreon": 0.09134903490559876, "Weavile": 0.09134903490559876, "Roserade": 0.0, "Hitmontop": 0.09134903490559876, "Azumarill": 0.09134903490559876, "Rhyperior": -0.09134903490559876, "Mismagius": 0.09134903490559876, "Blastoise": 0.0}, "usage": 0.5572392, "Moves": {"uturn": 0.20631689821140164, "acrobatics": 0.0, "bravebird": 0.20631689821140164, "taunt": 0.20631689821140164, "roost": 0.20631689821140164, "doubleedge": 0.0, "crosspoison": 0.0}, "Happiness": {"255": 0.20631689821140164}, "Viability Ceiling": [2, 72, 72, 72]}, "Zapdos": {"Abilities": {"pressure": 0.16393146294919836}, "Items": {"leftovers": 0.16393146294919836, "choicespecs": 0.0}, "Raw count": 9, "Spreads": {"Calm:248/0/0/0/236/24": 0.16393146294919836, "Hardy:128/80/52/64/56/128": 0.0, "Timid:0/0/0/252/4/252": 0.0, "Timid:4/0/0/252/0/252": 0.0, "Bold:0/0/248/0/244/16": 0.0}, "Checks and Counters": {}, "Teammates": {"Machamp": 0.0, "Milotic": 0.09134903726864094, "Charizard": 0.0, "Porygon2": 0.0, "Flygon": 0.0, "Victini": 0.0, "Suicune": 0.0, "Empoleon": 0.0, "Arcanine": 0.0, "Bisharp": 0.0, "Heracross": 0.09134903726864094, "Hitmonchan": 0.0, "Swampert": 0.09134903726864094, "Mew": 0.0, "Hitmontop": -0.09134903726864094, "Blastoise": 0.0, "Shaymin": 0.09134903726864094, "Rhyperior": 0.09134903726864094}, "usage": 0.4427608, "Moves": {"thunderbolt": 0.0, "zapcannon": 0.0, "roar": 0.0, "heatwave": 0.16393146294919836, "defog": 0.0, "signalbeam": 0.0, "roost": 0.16393146294919836, "voltswitch": 0.0, "shockwave": 0.0, "thunderwave": 0.0, "hiddenpowerflying": 0.0, "hiddenpowergrass": 0.16393146294919836, "discharge": 0.16393146294919836, "thunder": 0.0}, "Happiness": {"255": 0.16393146294919836}, "Viability Ceiling": [3, 70, 70, 70]}, "Umbreon": {"Abilities": {"synchronize": 0.20631689821140164, "innerfocus": 0.0}, "Items": {"leftovers": 0.20631689821140164, "babiriberry": 0.0, "flyinggem": 0.0}, "Raw count": 6, "Spreads": {"Careful:252/4/0/0/252/0": 0.20631689821140164, "Careful:0/0/4/0/252/0": 0.0, "Hardy:0/0/0/0/0/0": 0.0, "Hardy:168/184/12/44/100/0": 0.0, "Calm:252/0/4/0/252/0": 0.0}, "Checks and Counters": {}, "Teammates": {"Porygon-Z": 0.0, "Weavile": 0.09134903490559876, "Raikou": 0.0, "Ambipom": 0.0, "Crobat": 0.09134903490559876, "Absol": 0.0, "Mismagius": 0.09134903490559876, "Nidoking": 0.0, "Claydol": 0.0, "Gurdurr": 0.0, "Rotom-Heat": 0.0, "Roserade": 0.0, "Azumarill": 0.09134903490559876, "Sableye": 0.0, "Typhlosion": 0.0, "Honchkrow": 0.0, "Suicune": 0.0, "Arcanine": 0.0, "Mienshao": 0.0, "Hitmontop": 0.09134903490559876, "Blastoise": 0.0, "Rhyperior": -0.09134903490559876}, "usage": 0.5572392, "Moves": {"protect": 0.20631689821140164, "hiddenpowerfighting": 0.0, "foulplay": 0.20631689821140164, "wish": 0.20631689821140164, "irontail": 0.0, "gigaimpact": 0.0, "healbell": 0.20631689821140164, "dreameater": 0.0, "shadowball": 0.0, "toxic": 0.0, "lastresort": 0.0, "quickattack": 0.0}, "Happiness": {"255": 0.20631689821140164}, "Viability Ceiling": [3, 72, 72, 72]}, "Shaymin": {"Abilities": {"naturalcure": 0.16393146294919836}, "Items": {"lifeorb": 0.16393146294919836}, "Raw count": 2, "Spreads": {"Timid:4/0/0/252/0/252": 0.16393146294919836}, "Checks and Counters": {}, "Teammates": {"Milotic": 0.09134903726864094, "Flygon": 0.0, "Honchkrow": 0.0, "Zapdos": 0.09134903726864094, "Suicune": 0.0, "Mew": 0.0, "Heracross": 0.09134903726864094, "Houndoom": 0.0, "Swampert": 0.09134903726864094, "Rhyperior": 0.09134903726864094}, "usage": 0.4427608, "Moves": {"synthesis": 0.0, "seedflare": 0.16393146294919836, "earthpower": 0.16393146294919836, "rest": 0.16393146294919836, "airslash": 0.16393146294919836}, "Happiness": {"255": 0.16393146294919836}, "Viability Ceiling": [1, 70, 70, 70]}, "Heracross": {"Abilities": {"guts": 0.0, "moxie": 0.16393146294919836}, "Items": {"flameorb": 0.0, "leftovers": 0.0, "choicescarf": 0.16393146294919836}, "Raw count": 7, "Spreads": {"Jolly:4/252/0/0/0/252": 0.16393146294919836, "Careful:252/4/0/0/252/0": 0.0, "Adamant:0/252/0/0/4/252": 0.0, "Jolly:0/252/0/0/4/252": 0.0}, "Checks and Counters": {}, "Teammates": {"Milotic": 0.09134903726864094, "Porygon2": 0.0, "Zapdos": 0.09134903726864094, "Mew": 0.0, "Empoleon": 0.0, "Shaymin": 0.09134903726864094, "Victini": 0.0, "Swampert": 0.09134903726864094, "Rhyperior": 0.09134903726864094}, "usage": 0.4427608, "Moves": {"nightslash": 0.0, "rockslide": 0.0, "brickbreak": 0.0, "stoneedge": 0.16393146294919836, "megahorn": 0.16393146294919836, "sleeptalk": 0.0, "toxic": 0.0, "closecombat": 0.16393146294919836, "earthquake": 0.16393146294919836}, "Happiness": {"255": 0.16393146294919836}, "Viability Ceiling": [3, 70, 70, 70]}, "Swampert": {"Abilities": {"torrent": 0.16393146294919836}, "Items": {"choiceband": 0.16393146294919836}, "Raw count": 1, "Spreads": {"Adamant:208/252/0/0/4/44": 0.16393146294919836}, "Checks and Counters": {}, "Teammates": {"Zapdos": 0.09134903726864094, "Shaymin": 0.09134903726864094, "Heracross": 0.09134903726864094, "Milotic": 0.09134903726864094, "Rhyperior": 0.09134903726864094}, "usage": 0.4427608, "Moves": {"waterfall": 0.16393146294919836, "earthquake": 0.16393146294919836, "superpower": 0.16393146294919836, "stoneedge": 0.16393146294919836}, "Happiness": {"255": 0.16393146294919836}, "Viability Ceiling": [1, 70, 70, 70]}, "Hitmontop": {"Abilities": {"intimidate": 0.20631689821140164, "steadfast": 0.0}, "Items": {"leftovers": 0.20631689821140164, "airballoon": 0.0, "sitrusberry": 0.0}, "Raw count": 5, "Spreads": {"Lax:100/100/100/100/100/8": 0.0, "Brave:68/112/60/64/68/136": 0.0, "Impish:252/0/252/0/0/4": 0.0, "Impish:252/4/252/0/0/0": 0.20631689821140164}, "Checks and Counters": {}, "Teammates": {"Sableye": 0.0, "Duskull": 0.0, "Charizard": 0.0, "Rotom-Heat": 0.0, "Crobat": 0.09134903490559876, "Zapdos": -0.09134903490559876, "Magikarp": 0.0, "Suicune": 0.0, "Emboar": 0.0, "Arcanine": 0.0, "Weavile": 0.09134903490559876, "Nidoking": 0.0,