{"info": {"team type": null, "cutoff": 1630.0, "cutoff deviation": 0, "metagame": "gen5uu", "number of battles": 16}, "data": {"Milotic": {"Abilities": {"marvelscale": 0.6493525014279631}, "Items": {"leftovers": 0.6493525014279631}, "Raw count": 5, "Spreads": {"Bold:252/0/252/0/4/0": 0.0, "Bold:252/0/172/4/80/0": 0.6493525014279631, "Impish:252/4/252/0/0/0": 0.0, "Sassy:100/0/0/152/252/0": 0.0}, "Checks and Counters": {}, "Teammates": {"Machamp": 0.0, "Claydol": 0.0, "Flygon": 0.0, "Mienshao": 0.0, "Meloetta": 0.0, "Shaymin": 0.3372738840474344, "Zapdos": 0.3372738840474344, "Abomasnow": 0.0, "Heracross": 0.3372738840474344, "Bisharp": 0.0, "Nidoking": 0.0, "Darmanitan": 0.0, "Swampert": 0.3372738840474344, "Virizion": 0.0, "Regigigas": 0.0, "Blastoise": 0.0, "Zoroark": 0.0, "Venomoth": 0.0, "Rhyperior": 0.3372738840474344}, "usage": 0.4805997, "Moves": {"dragontail": 0.0, "scald": 0.6493525014279631, "protect": 0.0, "rest": 0.6493525014279631, "sleeptalk": 0.6493525014279631, "icebeam": 0.6493525014279631, "toxic": 0.0, "recover": 0.0}, "Happiness": {"255": 0.6493525014279631}, "Viability Ceiling": [1, 70, 70, 70]}, "Weavile": {"Abilities": {"pressure": 0.7017770677723008}, "Items": {"dreadplate": 0.7017770677723008}, "Raw count": 1, "Spreads": {"Jolly:4/252/0/0/0/252": 0.7017770677723008}, "Checks and Counters": {}, "Teammates": {"Hitmontop": 0.3372738482382474, "Azumarill": 0.3372738482382474, "Crobat": 0.3372738482382474, "Mismagius": 0.3372738482382474, "Umbreon": 0.3372738482382474}, "usage": 0.5194003, "Moves": {"lowkick": 0.7017770677723008, "icepunch": 0.7017770677723008, "nightslash": 0.7017770677723008, "pursuit": 0.7017770677723008}, "Happiness": {"255": 0.7017770677723008}, "Viability Ceiling": [1, 72, 72, 72]}, "Crobat": {"Abilities": {"innerfocus": 0.7017770677723008}, "Items": {"blacksludge": 0.7017770677723008, "flyinggem": 0.0}, "Raw count": 3, "Spreads": {"Jolly:0/252/0/0/4/252": 0.0, "Jolly:176/192/0/0/4/136": 0.7017770677723008}, "Checks and Counters": {}, "Teammates": {"Rotom-Heat": 0.0, "Umbreon": 0.3372738482382474, "Weavile": 0.3372738482382474, "Roserade": 0.0, "Hitmontop": 0.3372738482382474, "Azumarill": 0.3372738482382474, "Rhyperior": -0.3372738482382474, "Mismagius": 0.3372738482382474, "Blastoise": 0.0}, "usage": 0.5194003, "Moves": {"uturn": 0.7017770677723008, "acrobatics": 0.0, "bravebird": 0.7017770677723008, "taunt": 0.7017770677723008, "roost": 0.7017770677723008, "doubleedge": 0.0, "crosspoison": 0.0}, "Happiness": {"255": 0.7017770677723008}, "Viability Ceiling": [2, 72, 72, 72]}, "Zapdos": {"Abilities": {"pressure": 0.6493525014279631}, "Items": {"leftovers": 0.6493525014279631, "choicespecs": 0.0}, "Raw count": 9, "Spreads": {"Calm:248/0/0/0/236/24": 0.6493525014279631, "Hardy:128/80/52/64/56/128": 0.0, "Timid:0/0/0/252/4/252": 0.0, "Timid:4/0/0/252/0/252": 0.0, "Bold:0/0/248/0/244/16": 0.0}, "Checks and Counters": {}, "Teammates": {"Machamp": 0.0, "Milotic": 0.3372738840474344, "Charizard": 0.0, "Porygon2": 0.0, "Flygon": 0.0, "Victini": 0.0, "Suicune": 0.0, "Empoleon": 0.0, "Arcanine": 0.0, "Bisharp": 0.0, "Heracross": 0.3372738840474344, "Hitmonchan": 0.0, "Swampert": 0.3372738840474344, "Mew": 0.0, "Hitmontop": -0.33727388404743447, "Blastoise": 0.0, "Shaymin": 0.3372738840474344, "Rhyperior": 0.3372738840474344}, "usage": 0.4805997, "Moves": {"thunderbolt": 0.0, "zapcannon": 0.0, "roar": 0.0, "heatwave": 0.6493525014279631, "defog": 0.0, "signalbeam": 0.0, "roost": 0.6493525014279631, "voltswitch": 0.0, "shockwave": 0.0, "thunderwave": 0.0, "hiddenpowerflying": 0.0, "hiddenpowergrass": 0.6493525014279631, "discharge": 0.6493525014279631, "thunder": 0.0}, "Happiness": {"255": 0.6493525014279631}, "Viability Ceiling": [3, 70, 70, 70]}, "Umbreon": {"Abilities": {"synchronize": 0.7017770677723008, "innerfocus": 0.0}, "Items": {"leftovers": 0.7017770677723008, "babiriberry": 0.0, "flyinggem": 0.0}, "Raw count": 6, "Spreads": {"Careful:252/4/0/0/252/0": 0.7017770677723008, "Careful:0/0/4/0/252/0": 0.0, "Hardy:0/0/0/0/0/0": 0.0, "Hardy:168/184/12/44/100/0": 0.0, "Calm:252/0/4/0/252/0": 0.0}, "Checks and Counters": {}, "Teammates": {"Porygon-Z": 0.0, "Weavile": 0.3372738482382474, "Raikou": 0.0, "Ambipom": 0.0, "Crobat": 0.3372738482382474, "Absol": 0.0, "Mismagius": 0.3372738482382474, "Nidoking": 0.0, "Claydol": 0.0, "Gurdurr": 0.0, "Rotom-Heat": 0.0, "Roserade": 0.0, "Azumarill": 0.3372738482382474, "Sableye": 0.0, "Typhlosion": 0.0, "Honchkrow": 0.0, "Suicune": 0.0, "Arcanine": 0.0, "Mienshao": 0.0, "Hitmontop": 0.3372738482382474, "Blastoise": 0.0, "Rhyperior": -0.3372738482382474}, "usage": 0.5194003, "Moves": {"protect": 0.7017770677723008, "hiddenpowerfighting": 0.0, "foulplay": 0.7017770677723008, "wish": 0.7017770677723008, "irontail": 0.0, "gigaimpact": 0.0, "healbell": 0.7017770677723008, "dreameater": 0.0, "shadowball": 0.0, "toxic": 0.0, "lastresort": 0.0, "quickattack": 0.0}, "Happiness": {"255": 0.7017770677723008}, "Viability Ceiling": [3, 72, 72, 72]}, "Shaymin": {"Abilities": {"naturalcure": 0.6493525014279631}, "Items": {"lifeorb": 0.6493525014279631}, "Raw count": 2, "Spreads": {"Timid:4/0/0/252/0/252": 0.6493525014279631}, "Checks and Counters": {}, "Teammates": {"Milotic": 0.3372738840474344, "Flygon": 0.0, "Honchkrow": 0.0, "Zapdos": 0.3372738840474344, "Suicune": 0.0, "Mew": 0.0, "Heracross": 0.3372738840474344, "Houndoom": 0.0, "Swampert": 0.3372738840474344, "Rhyperior": 0.3372738840474344}, "usage": 0.4805997, "Moves": {"synthesis": 0.0, "seedflare": 0.6493525014279631, "earthpower": 0.6493525014279631, "rest": 0.6493525014279631, "airslash": 0.6493525014279631}, "Happiness": {"255": 0.6493525014279631}, "Viability Ceiling": [1, 70, 70, 70]}, "Heracross": {"Abilities": {"guts": 0.0, "moxie": 0.6493525014279631}, "Items": {"flameorb": 0.0, "leftovers": 0.0, "choicescarf": 0.6493525014279631}, "Raw count": 7, "Spreads": {"Jolly:4/252/0/0/0/252": 0.6493525014279631, "Careful:252/4/0/0/252/0": 0.0, "Adamant:0/252/0/0/4/252": 0.0, "Jolly:0/252/0/0/4/252": 0.0}, "Checks and Counters": {}, "Teammates": {"Milotic": 0.3372738840474344, "Porygon2": 0.0, "Zapdos": 0.3372738840474344, "Mew": 0.0, "Empoleon": 0.0, "Shaymin": 0.3372738840474344, "Victini": 0.0, "Swampert": 0.3372738840474344, "Rhyperior": 0.3372738840474344}, "usage": 0.4805997, "Moves": {"nightslash": 0.0, "rockslide": 0.0, "brickbreak": 0.0, "stoneedge": 0.6493525014279631, "megahorn": 0.6493525014279631, "sleeptalk": 0.0, "toxic": 0.0, "closecombat": 0.6493525014279631, "earthquake": 0.6493525014279631}, "Happiness": {"255": 0.6493525014279631}, "Viability Ceiling": [3, 70, 70, 70]}, "Swampert": {"Abilities": {"torrent": 0.6493525014279631}, "Items": {"choiceband": 0.6493525014279631}, "Raw count": 1, "Spreads": {"Adamant:208/252/0/0/4/44": 0.6493525014279631}, "Checks and Counters": {}, "Teammates": {"Zapdos": 0.3372738840474344, "Shaymin": 0.3372738840474344, "Heracross": 0.3372738840474344, "Milotic": 0.3372738840474344, "Rhyperior": 0.3372738840474344}, "usage": 0.4805997, "Moves": {"waterfall": 0.6493525014279631, "earthquake": 0.6493525014279631, "superpower": 0.6493525014279631, "stoneedge": 0.6493525014279631}, "Happiness": {"255": 0.6493525014279631}, "Viability Ceiling": [1, 70, 70, 70]}, "Hitmontop": {"Abilities": {"intimidate": 0.7017770677723008, "steadfast": 0.0}, "Items": {"leftovers": 0.7017770677723008, "airballoon": 0.0, "sitrusberry": 0.0}, "Raw count": 5, "Spreads": {"Lax:100/100/100/100/100/8": 0.0, "Brave:68/112/60/64/68/136": 0.0, "Impish:252/0/252/0/0/4": 0.0, "Impish:252/4/252/0/0/0": 0.7017770677723008}, "Checks and Counters": {}, "Teammates": {"Sableye": 0.0, "Duskull": 0.0, "Charizard": 0.0, "Rotom-Heat": 0.0, "Crobat": 0.3372738482382474, "Zapdos": -0.3372738482382474, "Magikarp": 0.0, "Suicune": 0.0, "Emboar": 0.0, "Arcanine": 0.0, "Weavile": 0.3372738482382474, "Nidoking": 0.0, "Beheeyem": 0.0, "Roserade": 0.0, "Ambipom": 0.0, "Empoleon": 0.0, "Azumarill": 0.3372738482382474,